timeStamp,elapsed,label,responseCode,responseMessage,threadName,dataType,success,failureMessage,bytes,sentBytes,grpThreads,allThreads,URL,Latency,IdleTime,Connect
1698534912072,858,launch-1698534912931,200,OK,login 1-1,text,true,,2321,458,1,1,https://www.blazedemo.com/index.php,857,0,560
1698534912962,409,selectFlight-1698534913371,200,OK,bookFlight 1-1,text,true,,2359,636,1,1,https://www.blazedemo.com/reserve.php,408,0,130
1698534913374,316,bookTicket-1698534913691,200,OK,bookFlight 1-1,text,true,,2682,685,1,1,https://www.blazedemo.com/purchase.php,315,0,0
1698534913693,272,selectFlight-1698534913966,200,OK,bookFlight 1-1,text,true,,2358,636,1,1,https://www.blazedemo.com/reserve.php,271,0,0
1698534913967,382,bookTicket-1698534914350,200,OK,bookFlight 1-1,text,true,,2623,685,1,1,https://www.blazedemo.com/purchase.php,382,0,0
1698534914351,297,selectFlight-1698534914649,200,OK,bookFlight 1-1,text,true,,2368,636,1,1,https://www.blazedemo.com/reserve.php,290,0,0
1698534914650,312,bookTicket-1698534914963,200,OK,bookFlight 1-1,text,true,,2622,685,1,1,https://www.blazedemo.com/purchase.php,288,0,0
1698534914964,355,selectFlight-1698534915320,200,OK,bookFlight 1-1,text,true,,2412,636,1,1,https://www.blazedemo.com/reserve.php,354,0,0
1698534915321,360,bookTicket-1698534915682,200,OK,bookFlight 1-1,text,true,,2470,685,1,1,https://www.blazedemo.com/purchase.php,359,0,0
1698534915683,312,selectFlight-1698534915996,200,OK,bookFlight 1-1,text,true,,2470,636,1,1,https://www.blazedemo.com/reserve.php,307,0,0
1698534915996,399,bookTicket-1698534916396,200,OK,bookFlight 1-1,text,true,,2454,685,1,1,https://www.blazedemo.com/purchase.php,398,0,0
1698534916466,711,addingPassagnerInfo-1698534917178,200,OK,addPassDetails 1-1,text,true,,2337,802,1,1,https://www.blazedemo.com/confirmation.php,711,0,133
1698534917186,7,Debug Sampler,200,OK,addPassDetails 1-1,text,true,,444,0,1,1,null,0,0,0
1698534917195,283,addingPassagnerInfo-1698534917477,200,OK,addPassDetails 1-1,text,true,,2440,804,1,1,https://www.blazedemo.com/confirmation.php,282,0,0
1698534917478,1,Debug Sampler,200,OK,addPassDetails 1-1,text,true,,446,0,1,1,null,0,0,0
1698534917479,328,addingPassagnerInfo-1698534917806,200,OK,addPassDetails 1-1,text,true,,2298,806,1,1,https://www.blazedemo.com/confirmation.php,327,0,0
1698534917808,1,Debug Sampler,200,OK,addPassDetails 1-1,text,true,,448,0,1,1,null,0,0,0
1698534917810,472,addingPassagnerInfo-1698534918281,200,OK,addPassDetails 1-1,text,true,,2267,805,1,1,https://www.blazedemo.com/confirmation.php,471,0,0
1698534918283,0,Debug Sampler,200,OK,addPassDetails 1-1,text,true,,447,0,1,1,null,0,0,0
1698534918284,361,addingPassagnerInfo-1698534918645,200,OK,addPassDetails 1-1,text,true,,2449,801,1,1,https://www.blazedemo.com/confirmation.php,360,0,0
1698534918646,1,Debug Sampler,200,OK,addPassDetails 1-1,text,true,,443,0,1,1,null,0,0,0
